Sequence_ID	Organism	specimen-voucher	collection-date	geo_loc_name	lat_lon	fwd_primer_name	fwd_primer_seq	rev-primer-name	rev-primer-seq
125W1_Ka_Ea	Eulimnogammarus vittatus	125W1_Ka	2023-08-25	Russia: Baikal, Kabania	54.62246 N 109.504402 E	18SF	CCTAYCTGGTTGATCCTGCCAGT	18S700R	CGCGGCTGCTGGCACCAGAC
155W1_SH_Ea	Eulimnogammarus vittatus	155W1_SH	2023-08-25	Russia: Baikal, Shegnanda River	54.978682 N 109.696145 E	18SF	CCTAYCTGGTTGATCCTGCCAGT	18S700R	CGCGGCTGCTGGCACCAGAC
155W2_SH_Ea	Eulimnogammarus vittatus	155W2_SH	2023-08-25	Russia: Baikal, Shegnanda River	54.978682 N 109.696145 E	18SF	CCTAYCTGGTTGATCCTGCCAGT	18S700R	CGCGGCTGCTGGCACCAGAC
158W1_Se_Ea	Eulimnogammarus vittatus	158W1_Se	2023-08-25	Russia: Baikal, Shegnanda River	54.978682 N 109.696145 E	18SF	CCTAYCTGGTTGATCCTGCCAGT	18S700R	CGCGGCTGCTGGCACCAGAC
158W2_Se_Ea	Eulimnogammarus vittatus	158W2_Se	2023-08-25	Russia: Baikal, Shegnanda River	54.978682 N 109.696145 E	18SF	CCTAYCTGGTTGATCCTGCCAGT	18S700R	CGCGGCTGCTGGCACCAGAC
250_Sa_W	Eulimnogammarus vittatus	250_Sa	2023-08-28	Russia: Baikal, Sarma	53.093437 N 106.867167 E	18SF	CCTAYCTGGTTGATCCTGCCAGT	18S700R	CGCGGCTGCTGGCACCAGAC
AmspA23_AL_W	Eulimnogammarus vittatus	AmspA23_AL	2021-11-18	Russia: Irkutsk, Akademicheskij bridge	52.254417 N 104.278528 E	18SF	CCTAYCTGGTTGATCCTGCCAGT	18S700R	CGCGGCTGCTGGCACCAGAC
AmspA41_So_W	Eulimnogammarus vittatus	AmspA41_So	2021-11-26	Russia: Irkutsk, Solnechnyj	52.244361 N 104.350917 E	18SF	CCTAYCTGGTTGATCCTGCCAGT	18S700R	CGCGGCTGCTGGCACCAGAC
AmspA45_So_W	Eulimnogammarus vittatus	AmspA45_So	2021-11-26	Russia: Irkutsk, Solnechnyj	52.244361 N 104.350917 E	18SF	CCTAYCTGGTTGATCCTGCCAGT	18S700R	CGCGGCTGCTGGCACCAGAC
AmspA55_So_W	Eulimnogammarus vittatus	AmspA55_So	2021-11-26	Russia: Irkutsk, Solnechnyj	52.244361 N 104.350917 E	18SF	CCTAYCTGGTTGATCCTGCCAGT	18S700R	CGCGGCTGCTGGCACCAGAC
AmspA57_To_W	Eulimnogammarus vittatus	AmspA57_To	2021-11-25	Russia: Irkutsk, Teplye ozera	52.243417 N 104.307778 E	18SF	CCTAYCTGGTTGATCCTGCCAGT	18S700R	CGCGGCTGCTGGCACCAGAC
AmspA58_To_W	Eulimnogammarus vittatus	AmspA58_To	2021-11-25	Russia: Irkutsk, Teplye ozera	52.243417 N 104.307778 E	18SF	CCTAYCTGGTTGATCCTGCCAGT	18S700R	CGCGGCTGCTGGCACCAGAC
AmspA59_To_W	Eulimnogammarus vittatus	AmspA59_To	2021-11-25	Russia: Irkutsk, Teplye ozera	52.243417 N 104.307778 E	18SF	CCTAYCTGGTTGATCCTGCCAGT	18S700R	CGCGGCTGCTGGCACCAGAC
AmspA60_To_W	Eulimnogammarus vittatus	AmspA60_To	2021-11-25	Russia: Irkutsk, Teplye ozera	52.243417 N 104.307778 E	18SF	CCTAYCTGGTTGATCCTGCCAGT	18S700R	CGCGGCTGCTGGCACCAGAC
AmspA61_To_W	Eulimnogammarus vittatus	AmspA61_To	2021-11-25	Russia: Irkutsk, Teplye ozera	52.243417 N 104.307778 E	18SF	CCTAYCTGGTTGATCCTGCCAGT	18S700R	CGCGGCTGCTGGCACCAGAC
AmspA62_To_W	Eulimnogammarus vittatus	AmspA62_To	2021-11-25	Russia: Irkutsk, Teplye ozera	52.243417 N 104.307778 E	18SF	CCTAYCTGGTTGATCCTGCCAGT	18S700R	CGCGGCTGCTGGCACCAGAC
AmspA63_To_W	Eulimnogammarus vittatus	AmspA63_To	2021-11-25	Russia: Irkutsk, Teplye ozera	52.243417 N 104.307778 E	18SF	CCTAYCTGGTTGATCCTGCCAGT	18S700R	CGCGGCTGCTGGCACCAGAC
AmspA64_To_W	Eulimnogammarus vittatus	AmspA64_To	2021-11-25	Russia: Irkutsk, Teplye ozera	52.243417 N 104.307778 E	18SF	CCTAYCTGGTTGATCCTGCCAGT	18S700R	CGCGGCTGCTGGCACCAGAC
AmspA65_To_W	Eulimnogammarus vittatus	AmspA65_To	2021-11-25	Russia: Irkutsk, Teplye ozera	52.243417 N 104.307778 E	18SF	CCTAYCTGGTTGATCCTGCCAGT	18S700R	CGCGGCTGCTGGCACCAGAC
AmspA79_To_W	Eulimnogammarus vittatus	AmspA79_To	2021-11-25	Russia: Irkutsk, Teplye ozera	52.243417 N 104.307778 E	18SF	CCTAYCTGGTTGATCCTGCCAGT	18S700R	CGCGGCTGCTGGCACCAGAC
AmspA80_To_W	Eulimnogammarus vittatus	AmspA80_To	2021-11-25	Russia: Irkutsk, Teplye ozera	52.243417 N 104.307778 E	18SF	CCTAYCTGGTTGATCCTGCCAGT	18S700R	CGCGGCTGCTGGCACCAGAC
Ankh1_An_N	Eulimnogammarus vittatus	Ankh1_An	2024-08-18	Russia: Baikal, Ankha	53.890287 N 108.146978 E	18SF	CCTAYCTGGTTGATCCTGCCAGT	18S700R	CGCGGCTGCTGGCACCAGAC
Ankh2_An_N	Eulimnogammarus vittatus	Ankh2_An	2024-08-18	Russia: Baikal, Ankha	53.890287 N 108.146978 E	18SF	CCTAYCTGGTTGATCCTGCCAGT	18S700R	CGCGGCTGCTGGCACCAGAC
Ankh3_An_N	Eulimnogammarus vittatus	Ankh3_An	2024-08-18	Russia: Baikal, Ankha	53.890287 N 108.146978 E	18SF	CCTAYCTGGTTGATCCTGCCAGT	18S700R	CGCGGCTGCTGGCACCAGAC
Ankh4_An_N	Eulimnogammarus vittatus	Ankh4_An	2024-08-18	Russia: Baikal, Ankha	53.890287 N 108.146978 E	18SF	CCTAYCTGGTTGATCCTGCCAGT	18S700R	CGCGGCTGCTGGCACCAGAC
Ankh5_An_N	Eulimnogammarus vittatus	Ankh5_An	2024-08-18	Russia: Baikal, Ankha	53.890287 N 108.146978 E	18SF	CCTAYCTGGTTGATCCTGCCAGT	18S700R	CGCGGCTGCTGGCACCAGAC
Ankh6_An_N	Eulimnogammarus vittatus	Ankh6_An	2024-08-18	Russia: Baikal, Ankha	53.890287 N 108.146978 E	18SF	CCTAYCTGGTTGATCCTGCCAGT	18S700R	CGCGGCTGCTGGCACCAGAC
Ankh7_An_N	Eulimnogammarus vittatus	Ankh7_An	2024-08-18	Russia: Baikal, Ankha	53.890287 N 108.146978 E	18SF	CCTAYCTGGTTGATCCTGCCAGT	18S700R	CGCGGCTGCTGGCACCAGAC
Ankh8_An_N	Eulimnogammarus vittatus	Ankh8_An	2024-08-18	Russia: Baikal, Ankha	53.890287 N 108.146978 E	18SF	CCTAYCTGGTTGATCCTGCCAGT	18S700R	CGCGGCTGCTGGCACCAGAC
Ankh9_An_N	Eulimnogammarus vittatus	Ankh9_An	2024-08-18	Russia: Baikal, Ankha	53.890287 N 108.146978 E	18SF	CCTAYCTGGTTGATCCTGCCAGT	18S700R	CGCGGCTGCTGGCACCAGAC
BG1_BG_W	Eulimnogammarus vittatus	BG1_BG	2023-06-06	Russia: Baikal, Bolshoe Goloustnoe	52.01107 N 105.4527 E	18SF	CCTAYCTGGTTGATCCTGCCAGT	18S700R	CGCGGCTGCTGGCACCAGAC
BolR1_BR_W	Eulimnogammarus vittatus	BolR1_BR	2024-09-05	Russia: Baikal, Bolshaya Rechka	51.945934 N 104.727375 E	18SF	CCTAYCTGGTTGATCCTGCCAGT	18S700R	CGCGGCTGCTGGCACCAGAC
BolR2_BR_W	Eulimnogammarus vittatus	BolR2_BR	2024-09-05	Russia: Baikal, Bolshaya Rechka	51.945934 N 104.727375 E	18SF	CCTAYCTGGTTGATCCTGCCAGT	18S700R	CGCGGCTGCTGGCACCAGAC
EviA100_So_W	Eulimnogammarus vittatus	EviA100_So	2021-10-30	Russia: Irkutsk, Solnechnyj	52.244361 N 104.350917 E	18SF	CCTAYCTGGTTGATCCTGCCAGT	18S700R	CGCGGCTGCTGGCACCAGAC
EviA101_So_W	Eulimnogammarus vittatus	EviA101_So	2021-10-30	Russia: Irkutsk, Solnechnyj	52.244361 N 104.350917 E	18SF	CCTAYCTGGTTGATCCTGCCAGT	18S700R	CGCGGCTGCTGGCACCAGAC
EviA102_So_W	Eulimnogammarus vittatus	EviA102_So	2021-10-30	Russia: Irkutsk, Solnechnyj	52.244361 N 104.350917 E	18SF	CCTAYCTGGTTGATCCTGCCAGT	18S700R	CGCGGCTGCTGGCACCAGAC
EviA103_So_W	Eulimnogammarus vittatus	EviA103_So	2021-10-30	Russia: Irkutsk, Solnechnyj	52.244361 N 104.350917 E	18SF	CCTAYCTGGTTGATCCTGCCAGT	18S700R	CGCGGCTGCTGGCACCAGAC
EviA104_So_W	Eulimnogammarus vittatus	EviA104_So	2021-10-30	Russia: Irkutsk, Solnechnyj	52.244361 N 104.350917 E	18SF	CCTAYCTGGTTGATCCTGCCAGT	18S700R	CGCGGCTGCTGGCACCAGAC
EviA105_So_W	Eulimnogammarus vittatus	EviA105_So	2021-10-30	Russia: Irkutsk, Solnechnyj	52.244361 N 104.350917 E	18SF	CCTAYCTGGTTGATCCTGCCAGT	18S700R	CGCGGCTGCTGGCACCAGAC
EviA106_So_W	Eulimnogammarus vittatus	EviA106_So	2021-10-30	Russia: Irkutsk, Solnechnyj	52.244361 N 104.350917 E	18SF	CCTAYCTGGTTGATCCTGCCAGT	18S700R	CGCGGCTGCTGGCACCAGAC
EviA107_So_W	Eulimnogammarus vittatus	EviA107_So	2021-10-30	Russia: Irkutsk, Solnechnyj	52.244361 N 104.350917 E	18SF	CCTAYCTGGTTGATCCTGCCAGT	18S700R	CGCGGCTGCTGGCACCAGAC
EviA108_So_W	Eulimnogammarus vittatus	EviA108_So	2021-10-30	Russia: Irkutsk, Solnechnyj	52.244361 N 104.350917 E	18SF	CCTAYCTGGTTGATCCTGCCAGT	18S700R	CGCGGCTGCTGGCACCAGAC
EviA109_So_W	Eulimnogammarus vittatus	EviA109_So	2021-10-30	Russia: Irkutsk, Solnechnyj	52.244361 N 104.350917 E	18SF	CCTAYCTGGTTGATCCTGCCAGT	18S700R	CGCGGCTGCTGGCACCAGAC
EviA41_So_W	Eulimnogammarus vittatus	EviA41_So	2021-10-30	Russia: Irkutsk, Solnechnyj	52.244361 N 104.350917 E	18SF	CCTAYCTGGTTGATCCTGCCAGT	18S700R	CGCGGCTGCTGGCACCAGAC
EviA45_So_W	Eulimnogammarus vittatus	EviA45_So	2021-10-30	Russia: Irkutsk, Solnechnyj	52.244361 N 104.350917 E	18SF	CCTAYCTGGTTGATCCTGCCAGT	18S700R	CGCGGCTGCTGGCACCAGAC
EviA98_So_W	Eulimnogammarus vittatus	EviA98_So	2021-10-30	Russia: Irkutsk, Solnechnyj	52.244361 N 104.350917 E	18SF	CCTAYCTGGTTGATCCTGCCAGT	18S700R	CGCGGCTGCTGGCACCAGAC
EviA99_So_W	Eulimnogammarus vittatus	EviA99_So	2021-10-30	Russia: Irkutsk, Solnechnyj	52.244361 N 104.350917 E	18SF	CCTAYCTGGTTGATCCTGCCAGT	18S700R	CGCGGCTGCTGGCACCAGAC
EviL79_Li_W	Eulimnogammarus vittatus	EviL79_Li	2022-07-18	Russia: Baikal, Listvyanka	51.870007 N 104.828264 E	18SF	CCTAYCTGGTTGATCCTGCCAGT	18S700R	CGCGGCTGCTGGCACCAGAC
EviL80_Li_W	Eulimnogammarus vittatus	EviL80_Li	2022-07-18	Russia: Baikal, Listvyanka	51.870007 N 104.828264 E	18SF	CCTAYCTGGTTGATCCTGCCAGT	18S700R	CGCGGCTGCTGGCACCAGAC
EviL81_Li_W	Eulimnogammarus vittatus	EviL81_Li	2022-07-18	Russia: Baikal, Listvyanka	51.870007 N 104.828264 E	18SF	CCTAYCTGGTTGATCCTGCCAGT	18S700R	CGCGGCTGCTGGCACCAGAC
EviL82_Li_W	Eulimnogammarus vittatus	EviL82_Li	2022-07-18	Russia: Baikal, Listvyanka	51.870007 N 104.828264 E	18SF	CCTAYCTGGTTGATCCTGCCAGT	18S700R	CGCGGCTGCTGGCACCAGAC
EviPB83_PB_S	Eulimnogammarus vittatus	EviPB83_PB	2022-07-18	Russia: Baikal, Port Baikal	51.870953 N 104.812063 E	18SF	CCTAYCTGGTTGATCCTGCCAGT	18S700R	CGCGGCTGCTGGCACCAGAC
EviPB84_PB_S	Eulimnogammarus vittatus	EviPB84_PB	2022-07-18	Russia: Baikal, Port Baikal	51.870953 N 104.812063 E	18SF	CCTAYCTGGTTGATCCTGCCAGT	18S700R	CGCGGCTGCTGGCACCAGAC
EviPB86_PB_S	Eulimnogammarus vittatus	EviPB86_PB	2022-07-18	Russia: Baikal, Port Baikal	51.870953 N 104.812063 E	18SF	CCTAYCTGGTTGATCCTGCCAGT	18S700R	CGCGGCTGCTGGCACCAGAC
EviPB87_PB_S	Eulimnogammarus vittatus	EviPB87_PB	2022-07-18	Russia: Baikal, Port Baikal	51.870953 N 104.812063 E	18SF	CCTAYCTGGTTGATCCTGCCAGT	18S700R	CGCGGCTGCTGGCACCAGAC
G1_Go_Ea	Eulimnogammarus vittatus	G1_Go_Ea	2020-08-29	Russia: Baikal, Goryachinsk	52.987202 N 108.278133 E	18SF	CCTAYCTGGTTGATCCTGCCAGT	18S700R	CGCGGCTGCTGGCACCAGAC
G2_Go_Ea	Eulimnogammarus vittatus	G2_Go_Ea	2020-08-29	Russia: Baikal, Goryachinsk	52.987202 N 108.278133 E	18SF	CCTAYCTGGTTGATCCTGCCAGT	18S700R	CGCGGCTGCTGGCACCAGAC
G3_Go_Ea	Eulimnogammarus vittatus	G3_Go_Ea	2020-08-29	Russia: Baikal, Goryachinsk	52.987202 N 108.278133 E	18SF	CCTAYCTGGTTGATCCTGCCAGT	18S700R	CGCGGCTGCTGGCACCAGAC
G4_Go_Ea	Eulimnogammarus vittatus	G4_Go_Ea	2020-08-29	Russia: Baikal, Goryachinsk	52.987202 N 108.278133 E	18SF	CCTAYCTGGTTGATCCTGCCAGT	18S700R	CGCGGCTGCTGGCACCAGAC
G5_Go_Ea	Eulimnogammarus vittatus	G5_Go_Ea	2020-08-29	Russia: Baikal, Goryachinsk	52.987202 N 108.278133 E	18SF	CCTAYCTGGTTGATCCTGCCAGT	18S700R	CGCGGCTGCTGGCACCAGAC
GB1_GR_W	Eulimnogammarus vittatus	GB1_GR	2024-11-02	Russia: Irkutsk, Glazkovskij bridge	52.17177 N 104.16001 E	18SF	CCTAYCTGGTTGATCCTGCCAGT	18S700R	CGCGGCTGCTGGCACCAGAC
GB3_GR_W	Eulimnogammarus vittatus	GB3_GR	2024-11-02	Russia: Irkutsk, Glazkovskij bridge	52.17177 N 104.16001 E	18SF	CCTAYCTGGTTGATCCTGCCAGT	18S700R	CGCGGCTGCTGGCACCAGAC
GB4_GR_W	Eulimnogammarus vittatus	GB4_GR	2024-11-02	Russia: Irkutsk, Glazkovskij bridge	52.17177 N 104.16001 E	18SF	CCTAYCTGGTTGATCCTGCCAGT	18S700R	CGCGGCTGCTGGCACCAGAC
GB5_GR_W	Eulimnogammarus vittatus	GB5_GR	2024-11-02	Russia: Irkutsk, Glazkovskij bridge	52.17177 N 104.16001 E	18SF	CCTAYCTGGTTGATCCTGCCAGT	18S700R	CGCGGCTGCTGGCACCAGAC
kbjd1001_KB_S	Eulimnogammarus vittatus	kbjd1001_KB	2024-08-24	Russia: Baikal, 100th km of Circum-Baikal railway	51.795396 N 104.426908 E	18SF	CCTAYCTGGTTGATCCTGCCAGT	18S700R	CGCGGCTGCTGGCACCAGAC
kbjd1002_KB_S	Eulimnogammarus vittatus	kbjd1002_KB	2024-08-24	Russia: Baikal, 100th km of Circum-Baikal railway	51.795396 N 104.426908 E	18SF	CCTAYCTGGTTGATCCTGCCAGT	18S700R	CGCGGCTGCTGGCACCAGAC
kbjd1003_KB_S	Eulimnogammarus vittatus	kbjd1003_KB	2024-08-24	Russia: Baikal, 100th km of Circum-Baikal railway	51.795396 N 104.426908 E	18SF	CCTAYCTGGTTGATCCTGCCAGT	18S700R	CGCGGCTGCTGGCACCAGAC
kbjd1004_KB_S	Eulimnogammarus vittatus	kbjd1004_KB	2024-08-24	Russia: Baikal, 100th km of Circum-Baikal railway	51.795396 N 104.426908 E	18SF	CCTAYCTGGTTGATCCTGCCAGT	18S700R	CGCGGCTGCTGGCACCAGAC
Konn1_Ko_W	Eulimnogammarus vittatus	Konn1_Ko	2024-09-24	Russia: Irkutsk, Konnyj island	52.16010 N 104.16342 E	18SF	CCTAYCTGGTTGATCCTGCCAGT	18S700R	CGCGGCTGCTGGCACCAGAC
Konn10_Ko_W	Eulimnogammarus vittatus	Konn10_Ko	2024-09-24	Russia: Irkutsk, Konnyj island	52.16010 N 104.16342 E	18SF	CCTAYCTGGTTGATCCTGCCAGT	18S700R	CGCGGCTGCTGGCACCAGAC
Konn11_Ko_W	Eulimnogammarus vittatus	Konn11_Ko	2024-09-24	Russia: Irkutsk, Konnyj island	52.16010 N 104.16342 E	18SF	CCTAYCTGGTTGATCCTGCCAGT	18S700R	CGCGGCTGCTGGCACCAGAC
Konn12_Ko_W	Eulimnogammarus vittatus	Konn12_Ko	2024-09-24	Russia: Irkutsk, Konnyj island	52.16010 N 104.16342 E	18SF	CCTAYCTGGTTGATCCTGCCAGT	18S700R	CGCGGCTGCTGGCACCAGAC
Konn13_Ko_W	Eulimnogammarus vittatus	Konn13_Ko	2024-09-24	Russia: Irkutsk, Konnyj island	52.16010 N 104.16342 E	18SF	CCTAYCTGGTTGATCCTGCCAGT	18S700R	CGCGGCTGCTGGCACCAGAC
Konn14_Ko_W	Eulimnogammarus vittatus	Konn14_Ko	2024-09-24	Russia: Irkutsk, Konnyj island	52.16010 N 104.16342 E	18SF	CCTAYCTGGTTGATCCTGCCAGT	18S700R	CGCGGCTGCTGGCACCAGAC
Konn15_Ko_W	Eulimnogammarus vittatus	Konn15_Ko	2024-09-24	Russia: Irkutsk, Konnyj island	52.16010 N 104.16342 E	18SF	CCTAYCTGGTTGATCCTGCCAGT	18S700R	CGCGGCTGCTGGCACCAGAC
Konn2_Ko_W	Eulimnogammarus vittatus	Konn2_Ko	2024-09-24	Russia: Irkutsk, Konnyj island	52.16010 N 104.16342 E	18SF	CCTAYCTGGTTGATCCTGCCAGT	18S700R	CGCGGCTGCTGGCACCAGAC
Konn3_Ko_W	Eulimnogammarus vittatus	Konn3_Ko	2024-09-24	Russia: Irkutsk, Konnyj island	52.16010 N 104.16342 E	18SF	CCTAYCTGGTTGATCCTGCCAGT	18S700R	CGCGGCTGCTGGCACCAGAC
Konn4_Ko_W	Eulimnogammarus vittatus	Konn4_Ko	2024-09-24	Russia: Irkutsk, Konnyj island	52.16010 N 104.16342 E	18SF	CCTAYCTGGTTGATCCTGCCAGT	18S700R	CGCGGCTGCTGGCACCAGAC
Konn5_Ko_W	Eulimnogammarus vittatus	Konn5_Ko	2024-09-24	Russia: Irkutsk, Konnyj island	52.16010 N 104.16342 E	18SF	CCTAYCTGGTTGATCCTGCCAGT	18S700R	CGCGGCTGCTGGCACCAGAC
Konn6_Ko_W	Eulimnogammarus vittatus	Konn6_Ko	2024-09-24	Russia: Irkutsk, Konnyj island	52.16010 N 104.16342 E	18SF	CCTAYCTGGTTGATCCTGCCAGT	18S700R	CGCGGCTGCTGGCACCAGAC
Konn7_Ko_W	Eulimnogammarus vittatus	Konn7_Ko	2024-09-24	Russia: Irkutsk, Konnyj island	52.16010 N 104.16342 E	18SF	CCTAYCTGGTTGATCCTGCCAGT	18S700R	CGCGGCTGCTGGCACCAGAC
Konn8_Ko_W	Eulimnogammarus vittatus	Konn8_Ko	2024-09-24	Russia: Irkutsk, Konnyj island	52.16010 N 104.16342 E	18SF	CCTAYCTGGTTGATCCTGCCAGT	18S700R	CGCGGCTGCTGGCACCAGAC
Konn9_Ko_W	Eulimnogammarus vittatus	Konn9_Ko	2024-09-24	Russia: Irkutsk, Konnyj island	52.16010 N 104.16342 E	18SF	CCTAYCTGGTTGATCCTGCCAGT	18S700R	CGCGGCTGCTGGCACCAGAC
Kur0_Kr_N	Eulimnogammarus vittatus	Kur0_Kr	2025-06-27	Russia: Baikal, Kurma	53.184087 N 106.979509 E	18SF	CCTAYCTGGTTGATCCTGCCAGT	18S700R	CGCGGCTGCTGGCACCAGAC
Kur39_Ku_N	Eulimnogammarus vittatus	Kur39_Ku	2024-06-26	Russia: Baikal, Kurma	53.10381 N 106.58277 E	18SF	CCTAYCTGGTTGATCCTGCCAGT	18S700R	CGCGGCTGCTGGCACCAGAC
Kur40_Ku_N	Eulimnogammarus vittatus	Kur40_Ku	2024-06-26	Russia: Baikal, Kurma	53.10381 N 106.58277 E	18SF	CCTAYCTGGTTGATCCTGCCAGT	18S700R	CGCGGCTGCTGGCACCAGAC
Kur41_Ku_N	Eulimnogammarus vittatus	Kur41_Ku	2024-06-26	Russia: Baikal, Kurma	53.10381 N 106.58277 E	18SF	CCTAYCTGGTTGATCCTGCCAGT	18S700R	CGCGGCTGCTGGCACCAGAC
Kur42_Ku_N	Eulimnogammarus vittatus	Kur42_Ku	2024-06-26	Russia: Baikal, Kurma	53.10381 N 106.58277 E	18SF	CCTAYCTGGTTGATCCTGCCAGT	18S700R	CGCGGCTGCTGGCACCAGAC
SR1_SR_S	Eulimnogammarus vittatus	SR1_SR	2024-08-18	Russia: Baikal, Sukhoi Ruchei	51.646876 N 103.756476 E	18SF	CCTAYCTGGTTGATCCTGCCAGT	18S700R	CGCGGCTGCTGGCACCAGAC
SR2_SR_S	Eulimnogammarus vittatus	SR2_SR	2024-08-18	Russia: Baikal, Sukhoi Ruchei	51.646876 N 103.756476 E	18SF	CCTAYCTGGTTGATCCTGCCAGT	18S700R	CGCGGCTGCTGGCACCAGAC
SR3_SR_S	Eulimnogammarus vittatus	SR3_SR	2024-08-18	Russia: Baikal, Sukhoi Ruchei	51.646876 N 103.756476 E	18SF	CCTAYCTGGTTGATCCTGCCAGT	18S700R	CGCGGCTGCTGGCACCAGAC
SR4_SR_S	Eulimnogammarus vittatus	SR4_SR	2024-08-18	Russia: Baikal, Sukhoi Ruchei	51.646876 N 103.756476 E	18SF	CCTAYCTGGTTGATCCTGCCAGT	18S700R	CGCGGCTGCTGGCACCAGAC
SR5_SR_S	Eulimnogammarus vittatus	SR5_SR	2024-08-18	Russia: Baikal, Sukhoi Ruchei	51.646876 N 103.756476 E	18SF	CCTAYCTGGTTGATCCTGCCAGT	18S700R	CGCGGCTGCTGGCACCAGAC
SR6_SR_S	Eulimnogammarus vittatus	SR6_SR	2024-08-18	Russia: Baikal, Sukhoi Ruchei	51.646876 N 103.756476 E	18SF	CCTAYCTGGTTGATCCTGCCAGT	18S700R	CGCGGCTGCTGGCACCAGAC
SR7_SR_S	Eulimnogammarus vittatus	SR7_SR	2024-08-18	Russia: Baikal, Sukhoi Ruchei	51.646876 N 103.756476 E	18SF	CCTAYCTGGTTGATCCTGCCAGT	18S700R	CGCGGCTGCTGGCACCAGAC
UB1_UB_Ea	Eulimnogammarus vittatus	UB1_UB	2024-08-10	Russia: Baikal, Ust-Barguzin	53.378000 N 108.982000 E	18SF	CCTAYCTGGTTGATCCTGCCAGT	18S700R	CGCGGCTGCTGGCACCAGAC
UB2_UB_Ea	Eulimnogammarus vittatus	UB2_UB	2024-08-10	Russia: Baikal, Ust-Barguzin	53.378000 N 108.982000 E	18SF	CCTAYCTGGTTGATCCTGCCAGT	18S700R	CGCGGCTGCTGGCACCAGAC
UB3_UB_Ea	Eulimnogammarus vittatus	UB3_UB	2024-08-10	Russia: Baikal, Ust-Barguzin	53.378000 N 108.982000 E	18SF	CCTAYCTGGTTGATCCTGCCAGT	18S700R	CGCGGCTGCTGGCACCAGAC
UB4_UB_Ea	Eulimnogammarus vittatus	UB4_UB	2024-08-10	Russia: Baikal, Ust-Barguzin	53.378000 N 108.982000 E	18SF	CCTAYCTGGTTGATCCTGCCAGT	18S700R	CGCGGCTGCTGGCACCAGAC
UB5_UB_Ea	Eulimnogammarus vittatus	UB5_UB	2024-08-10	Russia: Baikal, Ust-Barguzin	53.378000 N 108.982000 E	18SF	CCTAYCTGGTTGATCCTGCCAGT	18S700R	CGCGGCTGCTGGCACCAGAC
UB6_UB_Ea	Eulimnogammarus vittatus	UB6_UB	2024-08-10	Russia: Baikal, Ust-Barguzin	53.378000 N 108.982000 E	18SF	CCTAYCTGGTTGATCCTGCCAGT	18S700R	CGCGGCTGCTGGCACCAGAC
Ur1_Ur_Ea	Eulimnogammarus vittatus	Ur1_Ur	2022-10-08	Russia: Baikal, Ust-Barguzin	53.22296 N 108.58307 E	18SF	CCTAYCTGGTTGATCCTGCCAGT	18S700R	CGCGGCTGCTGGCACCAGAC
Uy77_Uy_N	Eulimnogammarus vittatus	Uy77_Uy	2024-06-24	Russia: Baikal, Uyuga	53.09643 N 106.57299 E	18SF	CCTAYCTGGTTGATCCTGCCAGT	18S700R	CGCGGCTGCTGGCACCAGAC
Uy78_Uy_N	Eulimnogammarus vittatus	Uy78_Uy	2024-06-24	Russia: Baikal, Uyuga	53.09643 N 106.57299 E	18SF	CCTAYCTGGTTGATCCTGCCAGT	18S700R	CGCGGCTGCTGGCACCAGAC
Uy79_Uy_N	Eulimnogammarus vittatus	Uy79_Uy	2024-06-24	Russia: Baikal, Uyuga	53.09643 N 106.57299 E	18SF	CCTAYCTGGTTGATCCTGCCAGT	18S700R	CGCGGCTGCTGGCACCAGAC
Uz11_Uz_W	Eulimnogammarus vittatus	Uz11_Uz	2024-08-18	Russia: Baikal, Uzury	53.320166 N 107.741739 E	18SF	CCTAYCTGGTTGATCCTGCCAGT	18S700R	CGCGGCTGCTGGCACCAGAC
Uz12_Uz_W	Eulimnogammarus vittatus	Uz12_Uz	2024-08-18	Russia: Baikal, Uzury	53.320166 N 107.741739 E	18SF	CCTAYCTGGTTGATCCTGCCAGT	18S700R	CGCGGCTGCTGGCACCAGAC
Uz13_Uz_W	Eulimnogammarus vittatus	Uz13_Uz	2024-08-18	Russia: Baikal, Uzury	53.320166 N 107.741739 E	18SF	CCTAYCTGGTTGATCCTGCCAGT	18S700R	CGCGGCTGCTGGCACCAGAC
Uz21_Uz_W	Eulimnogammarus vittatus	Uz21_Uz	2024-08-18	Russia: Baikal, Uzury	53.320166 N 107.741739 E	18SF	CCTAYCTGGTTGATCCTGCCAGT	18S700R	CGCGGCTGCTGGCACCAGAC
Uz22_Uz_W	Eulimnogammarus vittatus	Uz22_Uz	2024-08-18	Russia: Baikal, Uzury	53.320166 N 107.741739 E	18SF	CCTAYCTGGTTGATCCTGCCAGT	18S700R	CGCGGCTGCTGGCACCAGAC
Uz23_Uz_W	Eulimnogammarus vittatus	Uz23_Uz	2024-08-18	Russia: Baikal, Uzury	53.320166 N 107.741739 E	18SF	CCTAYCTGGTTGATCCTGCCAGT	18S700R	CGCGGCTGCTGGCACCAGAC
Uz24_Uz_W	Eulimnogammarus vittatus	Uz24_Uz	2024-08-18	Russia: Baikal, Uzury	53.320166 N 107.741739 E	18SF	CCTAYCTGGTTGATCCTGCCAGT	18S700R	CGCGGCTGCTGGCACCAGAC
Uz31_Uz_W	Eulimnogammarus vittatus	Uz31_Uz	2024-08-18	Russia: Baikal, Uzury	53.320166 N 107.741739 E	18SF	CCTAYCTGGTTGATCCTGCCAGT	18S700R	CGCGGCTGCTGGCACCAGAC
Uz32_Uz_W	Eulimnogammarus vittatus	Uz32_Uz	2024-08-18	Russia: Baikal, Uzury	53.320166 N 107.741739 E	18SF	CCTAYCTGGTTGATCCTGCCAGT	18S700R	CGCGGCTGCTGGCACCAGAC
Vy1_Vy_S	Eulimnogammarus vittatus	Vy1_Vy	2023-07-10	Russia: Baikal, Vydrino	51.477496 N 104.641542 E	18SF	CCTAYCTGGTTGATCCTGCCAGT	18S700R	CGCGGCTGCTGGCACCAGAC
Vy2_Vy_S	Eulimnogammarus vittatus	Vy2_Vy	2023-07-10	Russia: Baikal, Vydrino	51.477496 N 104.641542 E	18SF	CCTAYCTGGTTGATCCTGCCAGT	18S700R	CGCGGCTGCTGGCACCAGAC
Vy3_Vy_S	Eulimnogammarus vittatus	Vy3_Vy	2023-07-10	Russia: Baikal, Vydrino	51.477496 N 104.641542 E	18SF	CCTAYCTGGTTGATCCTGCCAGT	18S700R	CGCGGCTGCTGGCACCAGAC
Vy4_Vy_S	Eulimnogammarus vittatus	Vy4_Vy	2023-07-10	Russia: Baikal, Vydrino	51.477496 N 104.641542 E	18SF	CCTAYCTGGTTGATCCTGCCAGT	18S700R	CGCGGCTGCTGGCACCAGAC
Vy5_Vy_S	Eulimnogammarus vittatus	Vy5_Vy	2023-07-10	Russia: Baikal, Vydrino	51.477496 N 104.641542 E	18SF	CCTAYCTGGTTGATCCTGCCAGT	18S700R	CGCGGCTGCTGGCACCAGAC
Vy6_Vy_S	Eulimnogammarus vittatus	Vy6_Vy	2023-07-10	Russia: Baikal, Vydrino	51.477496 N 104.641542 E	18SF	CCTAYCTGGTTGATCCTGCCAGT	18S700R	CGCGGCTGCTGGCACCAGAC
Vy7_Vy_S	Eulimnogammarus vittatus	Vy7_Vy	2023-07-10	Russia: Baikal, Vydrino	51.477496 N 104.641542 E	18SF	CCTAYCTGGTTGATCCTGCCAGT	18S700R	CGCGGCTGCTGGCACCAGAC
Vy8_Vy_S	Eulimnogammarus vittatus	Vy8_Vy	2023-07-10	Russia: Baikal, Vydrino	51.477496 N 104.641542 E	18SF	CCTAYCTGGTTGATCCTGCCAGT	18S700R	CGCGGCTGCTGGCACCAGAC
Vy9_Vy_S	Eulimnogammarus vittatus	Vy9_Vy	2023-07-10	Russia: Baikal, Vydrino	51.477496 N 104.641542 E	18SF	CCTAYCTGGTTGATCCTGCCAGT	18S700R	CGCGGCTGCTGGCACCAGAC
Y28_En_W	Eulimnogammarus vittatus	Y28_En	2022-07-26	Russia: Krasnoyarsk	55.998165 N 92.833499 E 	18SF	CCTAYCTGGTTGATCCTGCCAGT	18S700R	CGCGGCTGCTGGCACCAGAC
Ya1_Ya_W	Eulimnogammarus vittatus	Ya1_Ya	2025-08-14	Russia: Irkutsk, Yakobi	52.233643 N 104.319109 E	18SF	CCTAYCTGGTTGATCCTGCCAGT	18S700R	CGCGGCTGCTGGCACCAGAC
Ya2_Ya_W	Eulimnogammarus vittatus	Ya2_Ya	2025-08-14	Russia: Irkutsk, Yakobi	52.233643 N 104.319109 E	18SF	CCTAYCTGGTTGATCCTGCCAGT	18S700R	CGCGGCTGCTGGCACCAGAC
Ya3_Ya_W	Eulimnogammarus vittatus	Ya3_Ya	2025-08-14	Russia: Irkutsk, Yakobi	52.233643 N 104.319109 E	18SF	CCTAYCTGGTTGATCCTGCCAGT	18S700R	CGCGGCTGCTGGCACCAGAC
Ya4_Ya_W	Eulimnogammarus vittatus	Ya4_Ya	2025-08-14	Russia: Irkutsk, Yakobi	52.233643 N 104.319109 E	18SF	CCTAYCTGGTTGATCCTGCCAGT	18S700R	CGCGGCTGCTGGCACCAGAC
Ya5_Ya_W	Eulimnogammarus vittatus	Ya5_Ya	2025-08-14	Russia: Irkutsk, Yakobi	52.233643 N 104.319109 E	18SF	CCTAYCTGGTTGATCCTGCCAGT	18S700R	CGCGGCTGCTGGCACCAGAC
Ya6_Ya_W	Eulimnogammarus vittatus	Ya6_Ya	2025-08-14	Russia: Irkutsk, Yakobi	52.233643 N 104.319109 E	18SF	CCTAYCTGGTTGATCCTGCCAGT	18S700R	CGCGGCTGCTGGCACCAGAC
Ya7_Ya_W	Eulimnogammarus vittatus	Ya7_Ya	2025-08-14	Russia: Irkutsk, Yakobi	52.233643 N 104.319109 E	18SF	CCTAYCTGGTTGATCCTGCCAGT	18S700R	CGCGGCTGCTGGCACCAGAC
Ya8_Ya_W	Eulimnogammarus vittatus	Ya8_Ya	2025-08-14	Russia: Irkutsk, Yakobi	52.233643 N 104.319109 E	18SF	CCTAYCTGGTTGATCCTGCCAGT	18S700R	CGCGGCTGCTGGCACCAGAC
Ya9_Ya_W	Eulimnogammarus vittatus	Ya9_Ya	2025-08-14	Russia: Irkutsk, Yakobi	52.233643 N 104.319109 E	18SF	CCTAYCTGGTTGATCCTGCCAGT	18S700R	CGCGGCTGCTGGCACCAGAC
