Sequence_ID	Organism	specimen-voucher	fwd_primer_name	fwd_primer_seq	rev-primer-name	rev-primer-seq	collection-date	geo_loc_name	lat_lon
155W1_SH_N	Eulimnogammarus vittatus	155W1_SH	Eve_F5	AGAGCTATCTCAGACTTTGAATC	HCO_Eve_R1 	TAAACTTCTGGATGGCCAAAGAATCA	2023-08-25	Russia: Baikal, Shegnanda River	54.978682 N 109.696145 E
155W2_SH_N	Eulimnogammarus vittatus	155W2_SH	Eve_F5	AGAGCTATCTCAGACTTTGAATC	HCO_Eve_R1 	TAAACTTCTGGATGGCCAAAGAATCA	2023-08-25	Russia: Baikal, Shegnanda River	54.978682 N 109.696145 E
158W1_Se_N	Eulimnogammarus vittatus	158W1_Se	Eve_F5	AGAGCTATCTCAGACTTTGAATC	HCO_Eve_R1 	TAAACTTCTGGATGGCCAAAGAATCA	2023-08-25	Russia: Baikal, Shegnanda River	54.978682 N 109.696145 E
158W2_Se_N	Eulimnogammarus vittatus	158W2_Se	Eve_F5	AGAGCTATCTCAGACTTTGAATC	HCO_Eve_R1 	TAAACTTCTGGATGGCCAAAGAATCA	2023-08-25	Russia: Baikal, Shegnanda River	54.978682 N 109.696145 E
AmspA23_AL_W	Eulimnogammarus vittatus	AmspA23_AL	LCO_Eve_F1	TCTCTACTAATCATAAAGATATCGG	Eve_R5	TGCCAGTAGGAACTGCGATA	2021-11-18	Russia: Irkutsk, Akademicheskij bridge	52.254417 N 104.278528 E
AmspA41_So_N	Eulimnogammarus vittatus	AmspA41_So	LCO_Eve_F1	TCTCTACTAATCATAAAGATATCGG	HCO_Eve_R1 	TAAACTTCTGGATGGCCAAAGAATCA	2021-11-26	Russia: Irkutsk, Solnechnyj	52.244361 N 104.350917 E
AmspA45_So_N	Eulimnogammarus vittatus	AmspA45_So	LCO_Eve_F1	TCTCTACTAATCATAAAGATATCGG	HCO_Eve_R1 	TAAACTTCTGGATGGCCAAAGAATCA	2021-11-26	Russia: Irkutsk, Solnechnyj	52.244361 N 104.350917 E
AmspA55_So_N	Eulimnogammarus vittatus	AmspA55_So	LCO_Eve_F1	TCTCTACTAATCATAAAGATATCGG	Eve_R5	TGCCAGTAGGAACTGCGATA	2021-11-26	Russia: Irkutsk, Solnechnyj	52.244361 N 104.350917 E
AmspA57_To_W	Eulimnogammarus vittatus	AmspA57_To	LCO_Eve_F1	TCTCTACTAATCATAAAGATATCGG	Eve_R5	TGCCAGTAGGAACTGCGATA	2021-11-25	Russia: Irkutsk, Teplye ozera	52.243417 N 104.307778 E
AmspA58_To_W	Eulimnogammarus vittatus	AmspA58_To	LCO_Eve_F1	TCTCTACTAATCATAAAGATATCGG	Eve_R5	TGCCAGTAGGAACTGCGATA	2021-11-25	Russia: Irkutsk, Teplye ozera	52.243417 N 104.307778 E
AmspA59_To_W	Eulimnogammarus vittatus	AmspA59_To	LCO_Eve_F1	TCTCTACTAATCATAAAGATATCGG	Eve_R5	TGCCAGTAGGAACTGCGATA	2021-11-25	Russia: Irkutsk, Teplye ozera	52.243417 N 104.307778 E
AmspA60_To_W	Eulimnogammarus vittatus	AmspA60_To	LCO_Eve_F1	TCTCTACTAATCATAAAGATATCGG	Eve_R5	TGCCAGTAGGAACTGCGATA	2021-11-25	Russia: Irkutsk, Teplye ozera	52.243417 N 104.307778 E
Amspa61_To_W	Eulimnogammarus vittatus	AmspA61_To	LCO_Eve_F1	TCTCTACTAATCATAAAGATATCGG	Eve_R5	TGCCAGTAGGAACTGCGATA	2021-11-25	Russia: Irkutsk, Teplye ozera	52.243417 N 104.307778 E
AmspA62_To_W	Eulimnogammarus vittatus	AmspA62_To	LCO_Eve_F1	TCTCTACTAATCATAAAGATATCGG	Eve_R5	TGCCAGTAGGAACTGCGATA	2021-11-25	Russia: Irkutsk, Teplye ozera	52.243417 N 104.307778 E
AmspA63_To_W	Eulimnogammarus vittatus	AmspA63_To	LCO_Eve_F1	TCTCTACTAATCATAAAGATATCGG	Eve_R5	TGCCAGTAGGAACTGCGATA	2021-11-25	Russia: Irkutsk, Teplye ozera	52.243417 N 104.307778 E
AmspA64_To_W	Eulimnogammarus vittatus	AmspA64_To	LCO_Eve_F1	TCTCTACTAATCATAAAGATATCGG	Eve_R5	TGCCAGTAGGAACTGCGATA	2021-11-25	Russia: Irkutsk, Teplye ozera	52.243417 N 104.307778 E
AmspA65_To_W	Eulimnogammarus vittatus	AmspA65_To	LCO_Eve_F1	TCTCTACTAATCATAAAGATATCGG	Eve_R5	TGCCAGTAGGAACTGCGATA	2021-11-25	Russia: Irkutsk, Teplye ozera	52.243417 N 104.307778 E
AmspA79_To_W	Eulimnogammarus vittatus	AmspA79_To	LCO_Eve_F1	TCTCTACTAATCATAAAGATATCGG	HCO_Eve_R1 	TAAACTTCTGGATGGCCAAAGAATCA	2021-11-25	Russia: Irkutsk, Teplye ozera	52.243417 N 104.307778 E
AmspA80_To_W	Eulimnogammarus vittatus	AmspA80_To	LCO_Eve_F1	TCTCTACTAATCATAAAGATATCGG	HCO_Eve_R1 	TAAACTTCTGGATGGCCAAAGAATCA	2021-11-25	Russia: Irkutsk, Teplye ozera	52.243417 N 104.307778 E
Ankh2_An_N	Eulimnogammarus vittatus	Ankh2_An	jgEvi_COI_F	GKGCTTGRGCYAGAATAGTCG	jgEvi_COI_R	GARATYATRCCAAASGCAGGKAG	2024-08-18	Russia: Baikal, Ankha	53.890287 N 108.146978 E
BG1_BG_W	Eulimnogammarus vittatus	BG1_BG	jgEvi_COI_F	GKGCTTGRGCYAGAATAGTCG	jgEvi_COI_R	GARATYATRCCAAASGCAGGKAG	2023-06-06	Russia: Baikal, Bolshoe Goloustnoe	52.01107 N 105.4527 E
BolR1_BR_W	Eulimnogammarus vittatus	BolR1_BR	jgEvi_COI_F	GKGCTTGRGCYAGAATAGTCG	jgEvi_COI_R	GARATYATRCCAAASGCAGGKAG	2024-09-05	Russia: Baikal, Bolshaya Rechka	51.945934 N 104.727375 E
BolR2_BR_W	Eulimnogammarus vittatus	BolR2_BR	jgEvi_COI_F	GKGCTTGRGCYAGAATAGTCG	jgEvi_COI_R	GARATYATRCCAAASGCAGGKAG	2024-09-05	Russia: Baikal, Bolshaya Rechka	51.945934 N 104.727375 E
EviA100_So_N	Eulimnogammarus vittatus	EviA100_So	Eve_F5	AGAGCTATCTCAGACTTTGAATC	HCO_Eve_R1 	TAAACTTCTGGATGGCCAAAGAATCA	2021-10-30	Russia: Irkutsk, Solnechnyj	52.244361 N 104.350917 E
EviA101_So_N	Eulimnogammarus vittatus	EviA101_So	Eve_F5	AGAGCTATCTCAGACTTTGAATC	HCO_Eve_R1 	TAAACTTCTGGATGGCCAAAGAATCA	2021-10-30	Russia: Irkutsk, Solnechnyj	52.244361 N 104.350917 E
EviA102_So_N	Eulimnogammarus vittatus	EviA102_So	Eve_F5	AGAGCTATCTCAGACTTTGAATC	HCO_Eve_R1 	TAAACTTCTGGATGGCCAAAGAATCA	2021-10-30	Russia: Irkutsk, Solnechnyj	52.244361 N 104.350917 E
EviA103_So_N	Eulimnogammarus vittatus	EviA103_So	Eve_F5	AGAGCTATCTCAGACTTTGAATC	HCO_Eve_R1 	TAAACTTCTGGATGGCCAAAGAATCA	2021-10-30	Russia: Irkutsk, Solnechnyj	52.244361 N 104.350917 E
EviA104_So_N	Eulimnogammarus vittatus	EviA104_So	Eve_F5	AGAGCTATCTCAGACTTTGAATC	HCO_Eve_R1 	TAAACTTCTGGATGGCCAAAGAATCA	2021-10-30	Russia: Irkutsk, Solnechnyj	52.244361 N 104.350917 E
EviA105_So_N	Eulimnogammarus vittatus	EviA105_So	Eve_F5	AGAGCTATCTCAGACTTTGAATC	HCO_Eve_R1 	TAAACTTCTGGATGGCCAAAGAATCA	2021-10-30	Russia: Irkutsk, Solnechnyj	52.244361 N 104.350917 E
EviA106_So_N	Eulimnogammarus vittatus	EviA106_So	Eve_F5	AGAGCTATCTCAGACTTTGAATC	HCO_Eve_R1 	TAAACTTCTGGATGGCCAAAGAATCA	2021-10-30	Russia: Irkutsk, Solnechnyj	52.244361 N 104.350917 E
EviA107_So_N	Eulimnogammarus vittatus	EviA107_So	Eve_F5	AGAGCTATCTCAGACTTTGAATC	HCO_Eve_R1 	TAAACTTCTGGATGGCCAAAGAATCA	2021-10-30	Russia: Irkutsk, Solnechnyj	52.244361 N 104.350917 E
EviA108_So_N	Eulimnogammarus vittatus	EviA108_So	Eve_F5	AGAGCTATCTCAGACTTTGAATC	HCO_Eve_R1 	TAAACTTCTGGATGGCCAAAGAATCA	2021-10-30	Russia: Irkutsk, Solnechnyj	52.244361 N 104.350917 E
EviA109_So_N	Eulimnogammarus vittatus	EviA109_So	Eve_F5	AGAGCTATCTCAGACTTTGAATC	HCO_Eve_R1 	TAAACTTCTGGATGGCCAAAGAATCA	2021-10-30	Russia: Irkutsk, Solnechnyj	52.244361 N 104.350917 E
EviA45_So_N	Eulimnogammarus vittatus	EviA45_So	Eve_F5	AGAGCTATCTCAGACTTTGAATC	HCO_Eve_R1 	TAAACTTCTGGATGGCCAAAGAATCA	2021-10-30	Russia: Irkutsk, Solnechnyj	52.244361 N 104.350917 E
EviA98_So_N	Eulimnogammarus vittatus	EviA98_So	Eve_F5	AGAGCTATCTCAGACTTTGAATC	HCO_Eve_R1 	TAAACTTCTGGATGGCCAAAGAATCA	2021-10-30	Russia: Irkutsk, Solnechnyj	52.244361 N 104.350917 E
EviA99_So_N	Eulimnogammarus vittatus	EviA99_So	Eve_F5	AGAGCTATCTCAGACTTTGAATC	HCO_Eve_R1 	TAAACTTCTGGATGGCCAAAGAATCA	2021-10-30	Russia: Irkutsk, Solnechnyj	52.244361 N 104.350917 E
EviL79_Li_W	Eulimnogammarus vittatus	EviL79_Li	LCO_Eve_F1	TCTCTACTAATCATAAAGATATCGG	Eve_R5	TGCCAGTAGGAACTGCGATA	2022-07-18	Russia: Baikal, Listvyanka	51.870007 N 104.828264 E
EviL80_Li_W	Eulimnogammarus vittatus	EviL80_Li	Eve_F5	AGAGCTATCTCAGACTTTGAATC	Eve_R5	TGCCAGTAGGAACTGCGATA	2022-07-18	Russia: Baikal, Listvyanka	51.870007 N 104.828264 E
EviL81_Li_W	Eulimnogammarus vittatus	EviL81_Li	Eve_F5	AGAGCTATCTCAGACTTTGAATC	Eve_R5	TGCCAGTAGGAACTGCGATA	2022-07-18	Russia: Baikal, Listvyanka	51.870007 N 104.828264 E
EviL82_Li_W	Eulimnogammarus vittatus	EviL82_Li	Eve_F5	AGAGCTATCTCAGACTTTGAATC	Eve_R5	TGCCAGTAGGAACTGCGATA	2022-07-18	Russia: Baikal, Listvyanka	51.870007 N 104.828264 E
EviPB83_PB_S	Eulimnogammarus vittatus	EviPB83_PB	LCO_Eve_F1	TCTCTACTAATCATAAAGATATCGG	Eve_R5	TGCCAGTAGGAACTGCGATA	2022-07-18	Russia: Baikal, Port Baikal	51.870953 N 104.812063 E
EviPB84_PB_S	Eulimnogammarus vittatus	EviPB84_PB	LCO_Eve_F1	TCTCTACTAATCATAAAGATATCGG	Eve_R5	TGCCAGTAGGAACTGCGATA	2022-07-18	Russia: Baikal, Port Baikal	51.870953 N 104.812063 E
EviPB86_PB_S	Eulimnogammarus vittatus	EviPB86_PB	LCO_Eve_F1	TCTCTACTAATCATAAAGATATCGG	Eve_R5	TGCCAGTAGGAACTGCGATA	2022-07-18	Russia: Baikal, Port Baikal	51.870953 N 104.812063 E
EviPB87_PB_S	Eulimnogammarus vittatus	EviPB87_PB	LCO_Eve_F1	TCTCTACTAATCATAAAGATATCGG	Eve_R5	TGCCAGTAGGAACTGCGATA	2022-07-18	Russia: Baikal, Port Baikal	51.870953 N 104.812063 E
G1_Go_N	Eulimnogammarus vittatus	G1_Go_Ea	LCO_Eve_F1	TCTCTACTAATCATAAAGATATCGG	HCO_Eve_R1 	TAAACTTCTGGATGGCCAAAGAATCA	2020-08-29	Russia: Baikal, Goryachinsk	52.987202 N 108.278133 E
G2_Go_N	Eulimnogammarus vittatus	G2_Go_Ea	LCO_Eve_F1	TCTCTACTAATCATAAAGATATCGG	HCO_Eve_R1 	TAAACTTCTGGATGGCCAAAGAATCA	2020-08-29	Russia: Baikal, Goryachinsk	52.987202 N 108.278133 E
G3_Go_N	Eulimnogammarus vittatus	G3_Go_Ea	Eve_F3	AGAATAATCGGTACCTCTATAAGG	Eve_R5	TGCCAGTAGGAACTGCGATA	2020-08-29	Russia: Baikal, Goryachinsk	52.987202 N 108.278133 E
G4_Go_N	Eulimnogammarus vittatus	G4_Go_Ea	Eve_F5	AGAGCTATCTCAGACTTTGAATC	HCO_Eve_R1 	TAAACTTCTGGATGGCCAAAGAATCA	2020-08-29	Russia: Baikal, Goryachinsk	52.987202 N 108.278133 E
G5_Go_N	Eulimnogammarus vittatus	G5_Go_Ea	Eve_F5	AGAGCTATCTCAGACTTTGAATC	HCO_Eve_R1 	TAAACTTCTGGATGGCCAAAGAATCA	2020-08-29	Russia: Baikal, Goryachinsk	52.987202 N 108.278133 E
GB1_GR_W	Eulimnogammarus vittatus	GB1_GR	jgEvi_COI_F	GKGCTTGRGCYAGAATAGTCG	jgEvi_COI_R	GARATYATRCCAAASGCAGGKAG	2024-11-02	Russia: Irkutsk, Glazkovskij bridge	52.17177 N 104.16001 E
GB3_GR_W	Eulimnogammarus vittatus	GB3_GR	jgEvi_COI_F	GKGCTTGRGCYAGAATAGTCG	jgEvi_COI_R	GARATYATRCCAAASGCAGGKAG	2024-11-02	Russia: Irkutsk, Glazkovskij bridge	52.17177 N 104.16001 E
GB4_GR_W	Eulimnogammarus vittatus	GB4_GR	jgEvi_COI_F	GKGCTTGRGCYAGAATAGTCG	jgEvi_COI_R	GARATYATRCCAAASGCAGGKAG	2024-11-02	Russia: Irkutsk, Glazkovskij bridge	52.17177 N 104.16001 E
GB5_GR_W	Eulimnogammarus vittatus	GB5_GR	jgEvi_COI_F	GKGCTTGRGCYAGAATAGTCG	jgEvi_COI_R	GARATYATRCCAAASGCAGGKAG	2024-11-02	Russia: Irkutsk, Glazkovskij bridge	52.17177 N 104.16001 E
kbjd1001_KB_S	Eulimnogammarus vittatus	kbjd1001_KB	jgEvi_COI_F	GKGCTTGRGCYAGAATAGTCG	jgEvi_COI_R	GARATYATRCCAAASGCAGGKAG	2024-08-24	Russia: Baikal, 100th km of Circum-Baikal railway	51.795396 N 104.426908 E
kbjd1002_KB_S	Eulimnogammarus vittatus	kbjd1002_KB	jgEvi_COI_F	GKGCTTGRGCYAGAATAGTCG	jgEvi_COI_R	GARATYATRCCAAASGCAGGKAG	2024-08-24	Russia: Baikal, 100th km of Circum-Baikal railway	51.795396 N 104.426908 E
kbjd1003_KB_S	Eulimnogammarus vittatus	kbjd1003_KB	jgEvi_COI_F	GKGCTTGRGCYAGAATAGTCG	jgEvi_COI_R	GARATYATRCCAAASGCAGGKAG	2024-08-24	Russia: Baikal, 100th km of Circum-Baikal railway	51.795396 N 104.426908 E
kbjd1004_KB_S	Eulimnogammarus vittatus	kbjd1004_KB	jgEvi_COI_F	GKGCTTGRGCYAGAATAGTCG	jgEvi_COI_R	GARATYATRCCAAASGCAGGKAG	2024-08-24	Russia: Baikal, 100th km of Circum-Baikal railway	51.795396 N 104.426908 E
Konn1_Ko_W	Eulimnogammarus vittatus	Konn1_Ko	jgEvi_COI_F	GKGCTTGRGCYAGAATAGTCG	jgEvi_COI_R	GARATYATRCCAAASGCAGGKAG	2024-09-24	Russia: Irkutsk, Konnyj island	52.16010 N 104.16342 E
Konn10_Ko_W	Eulimnogammarus vittatus	Konn10_Ko	jgEvi_COI_F	GKGCTTGRGCYAGAATAGTCG	jgEvi_COI_R	GARATYATRCCAAASGCAGGKAG	2024-09-24	Russia: Irkutsk, Konnyj island	52.16010 N 104.16342 E
Konn11_Ko_W	Eulimnogammarus vittatus	Konn11_Ko	jgEvi_COI_F	GKGCTTGRGCYAGAATAGTCG	jgEvi_COI_R	GARATYATRCCAAASGCAGGKAG	2024-09-24	Russia: Irkutsk, Konnyj island	52.16010 N 104.16342 E
Konn12_Ko_W	Eulimnogammarus vittatus	Konn12_Ko	jgEvi_COI_F	GKGCTTGRGCYAGAATAGTCG	jgEvi_COI_R	GARATYATRCCAAASGCAGGKAG	2024-09-24	Russia: Irkutsk, Konnyj island	52.16010 N 104.16342 E
Konn13_Ko_W	Eulimnogammarus vittatus	Konn13_Ko	Eve_F5	AGAGCTATCTCAGACTTTGAATC	Eve_R5	TGCCAGTAGGAACTGCGATA	2024-09-24	Russia: Irkutsk, Konnyj island	52.16010 N 104.16342 E
Konn14_Ko_W	Eulimnogammarus vittatus	Konn14_Ko	jgEvi_COI_F	GKGCTTGRGCYAGAATAGTCG	jgEvi_COI_R	GARATYATRCCAAASGCAGGKAG	2024-09-24	Russia: Irkutsk, Konnyj island	52.16010 N 104.16342 E
Konn15_Ko_W	Eulimnogammarus vittatus	Konn15_Ko	jgEvi_COI_F	GKGCTTGRGCYAGAATAGTCG	jgEvi_COI_R	GARATYATRCCAAASGCAGGKAG	2024-09-24	Russia: Irkutsk, Konnyj island	52.16010 N 104.16342 E
Konn2_Ko_W	Eulimnogammarus vittatus	Konn2_Ko	jgEvi_COI_F	GKGCTTGRGCYAGAATAGTCG	jgEvi_COI_R	GARATYATRCCAAASGCAGGKAG	2024-09-24	Russia: Irkutsk, Konnyj island	52.16010 N 104.16342 E
Konn3_Ko_W	Eulimnogammarus vittatus	Konn3_Ko	jgEvi_COI_F	GKGCTTGRGCYAGAATAGTCG	jgEvi_COI_R	GARATYATRCCAAASGCAGGKAG	2024-09-24	Russia: Irkutsk, Konnyj island	52.16010 N 104.16342 E
Konn4_Ko_W	Eulimnogammarus vittatus	Konn4_Ko	jgEvi_COI_F	GKGCTTGRGCYAGAATAGTCG	jgEvi_COI_R	GARATYATRCCAAASGCAGGKAG	2024-09-24	Russia: Irkutsk, Konnyj island	52.16010 N 104.16342 E
Konn5_Ko_W	Eulimnogammarus vittatus	Konn5_Ko	jgEvi_COI_F	GKGCTTGRGCYAGAATAGTCG	jgEvi_COI_R	GARATYATRCCAAASGCAGGKAG	2024-09-24	Russia: Irkutsk, Konnyj island	52.16010 N 104.16342 E
Konn6_Ko_W	Eulimnogammarus vittatus	Konn6_Ko	jgEvi_COI_F	GKGCTTGRGCYAGAATAGTCG	jgEvi_COI_R	GARATYATRCCAAASGCAGGKAG	2024-09-24	Russia: Irkutsk, Konnyj island	52.16010 N 104.16342 E
Konn7_Ko_W	Eulimnogammarus vittatus	Konn7_Ko	jgEvi_COI_F	GKGCTTGRGCYAGAATAGTCG	jgEvi_COI_R	GARATYATRCCAAASGCAGGKAG	2024-09-24	Russia: Irkutsk, Konnyj island	52.16010 N 104.16342 E
Konn8_Ko_W	Eulimnogammarus vittatus	Konn8_Ko	jgEvi_COI_F	GKGCTTGRGCYAGAATAGTCG	jgEvi_COI_R	GARATYATRCCAAASGCAGGKAG	2024-09-24	Russia: Irkutsk, Konnyj island	52.16010 N 104.16342 E
Konn9_Ko_W	Eulimnogammarus vittatus	Konn9_Ko	jgEvi_COI_F	GKGCTTGRGCYAGAATAGTCG	jgEvi_COI_R	GARATYATRCCAAASGCAGGKAG	2024-09-24	Russia: Irkutsk, Konnyj island	52.16010 N 104.16342 E
Kur0_Kr_N	Eulimnogammarus vittatus	Kur0_Kr	jgEvi_COI_F	GKGCTTGRGCYAGAATAGTCG	jgEvi_COI_R	GARATYATRCCAAASGCAGGKAG	2025-06-27	Russia: Baikal, Kurma	53.184087 N 106.979509 E
Kur39_Ku_N	Eulimnogammarus vittatus	Kur39_Ku	jgEvi_COI_F	GKGCTTGRGCYAGAATAGTCG	jgEvi_COI_R	GARATYATRCCAAASGCAGGKAG	2024-06-26	Russia: Baikal, Kurma	53.10381 N 106.58277 E
Kur40_Ku_N	Eulimnogammarus vittatus	Kur40_Ku	jgEvi_COI_F	GKGCTTGRGCYAGAATAGTCG	jgEvi_COI_R	GARATYATRCCAAASGCAGGKAG	2024-06-26	Russia: Baikal, Kurma	53.10381 N 106.58277 E
Kur41_Ku_N	Eulimnogammarus vittatus	Kur41_Ku	jgEvi_COI_F	GKGCTTGRGCYAGAATAGTCG	jgEvi_COI_R	GARATYATRCCAAASGCAGGKAG	2024-06-26	Russia: Baikal, Kurma	53.10381 N 106.58277 E
Kur42_Ku_N	Eulimnogammarus vittatus	Kur42_Ku	jgEvi_COI_F	GKGCTTGRGCYAGAATAGTCG	jgEvi_COI_R	GARATYATRCCAAASGCAGGKAG	2024-06-26	Russia: Baikal, Kurma	53.10381 N 106.58277 E
SR1_SR_S	Eulimnogammarus vittatus	SR1_SR	jgEvi_COI_F	GKGCTTGRGCYAGAATAGTCG	jgEvi_COI_R	GARATYATRCCAAASGCAGGKAG	2024-08-18	Russia: Baikal, Sukhoi Ruchei	51.646876 N 103.756476 E
SR2_SR_S	Eulimnogammarus vittatus	SR2_SR	jgEvi_COI_F	GKGCTTGRGCYAGAATAGTCG	jgEvi_COI_R	GARATYATRCCAAASGCAGGKAG	2024-08-18	Russia: Baikal, Sukhoi Ruchei	51.646876 N 103.756476 E
SR3_SR_S	Eulimnogammarus vittatus	SR3_SR	jgEvi_COI_F	GKGCTTGRGCYAGAATAGTCG	jgEvi_COI_R	GARATYATRCCAAASGCAGGKAG	2024-08-18	Russia: Baikal, Sukhoi Ruchei	51.646876 N 103.756476 E
SR5_SR_S	Eulimnogammarus vittatus	SR5_SR	jgEvi_COI_F	GKGCTTGRGCYAGAATAGTCG	jgEvi_COI_R	GARATYATRCCAAASGCAGGKAG	2024-08-18	Russia: Baikal, Sukhoi Ruchei	51.646876 N 103.756476 E
SR7_SR_S	Eulimnogammarus vittatus	SR7_SR	jgEvi_COI_F	GKGCTTGRGCYAGAATAGTCG	jgEvi_COI_R	GARATYATRCCAAASGCAGGKAG	2024-08-18	Russia: Baikal, Sukhoi Ruchei	51.646876 N 103.756476 E
UB1_UB_N	Eulimnogammarus vittatus	UB1_UB	jgEvi_COI_F	GKGCTTGRGCYAGAATAGTCG	jgEvi_COI_R	GARATYATRCCAAASGCAGGKAG	2024-08-10	Russia: Baikal, Ust-Barguzin	53.378000 N 108.982000 E
UB2_UB_N	Eulimnogammarus vittatus	UB2_UB	jgEvi_COI_F	GKGCTTGRGCYAGAATAGTCG	jgEvi_COI_R	GARATYATRCCAAASGCAGGKAG	2024-08-10	Russia: Baikal, Ust-Barguzin	53.378000 N 108.982000 E
UB3_UB_N	Eulimnogammarus vittatus	UB3_UB	jgEvi_COI_F	GKGCTTGRGCYAGAATAGTCG	jgEvi_COI_R	GARATYATRCCAAASGCAGGKAG	2024-08-10	Russia: Baikal, Ust-Barguzin	53.378000 N 108.982000 E
UB4_UB_N	Eulimnogammarus vittatus	UB4_UB	jgEvi_COI_F	GKGCTTGRGCYAGAATAGTCG	jgEvi_COI_R	GARATYATRCCAAASGCAGGKAG	2024-08-10	Russia: Baikal, Ust-Barguzin	53.378000 N 108.982000 E
UB5_UB_N	Eulimnogammarus vittatus	UB5_UB	jgEvi_COI_F	GKGCTTGRGCYAGAATAGTCG	jgEvi_COI_R	GARATYATRCCAAASGCAGGKAG	2024-08-10	Russia: Baikal, Ust-Barguzin	53.378000 N 108.982000 E
UB6_UB_W	Eulimnogammarus vittatus	UB6_UB	jgEvi_COI_F	GKGCTTGRGCYAGAATAGTCG	jgEvi_COI_R	GARATYATRCCAAASGCAGGKAG	2024-08-10	Russia: Baikal, Ust-Barguzin	53.378000 N 108.982000 E
Ur1_Ur_N	Eulimnogammarus vittatus	Ur1_Ur	Eve_F5	AGAGCTATCTCAGACTTTGAATC	Eve_R5	TGCCAGTAGGAACTGCGATA	2022-10-08	Russia: Baikal, Ust-Barguzin	53.22296 N 108.58307 E
Uy77_Uy_N	Eulimnogammarus vittatus	Uy77_Uy	jgEvi_COI_F	GKGCTTGRGCYAGAATAGTCG	jgEvi_COI_R	GARATYATRCCAAASGCAGGKAG	2024-06-24	Russia: Baikal, Uyuga	53.09643 N 106.57299 E
Uy78_Uy_N	Eulimnogammarus vittatus	Uy78_Uy	jgEvi_COI_F	GKGCTTGRGCYAGAATAGTCG	jgEvi_COI_R	GARATYATRCCAAASGCAGGKAG	2024-06-24	Russia: Baikal, Uyuga	53.09643 N 106.57299 E
Uy79_Uy_N	Eulimnogammarus vittatus	Uy79_Uy	jgEvi_COI_F	GKGCTTGRGCYAGAATAGTCG	jgEvi_COI_R	GARATYATRCCAAASGCAGGKAG	2024-06-24	Russia: Baikal, Uyuga	53.09643 N 106.57299 E
Uz11_Uz_Wa	Eulimnogammarus vittatus	Uz11_Uz	jgEvi_COI_F	GKGCTTGRGCYAGAATAGTCG	jgEvi_COI_R	GARATYATRCCAAASGCAGGKAG	2024-08-18	Russia: Baikal, Uzury	53.320166 N 107.741739 E
Uz12_Uz_N	Eulimnogammarus vittatus	Uz12_Uz	jgEvi_COI_F	GKGCTTGRGCYAGAATAGTCG	jgEvi_COI_R	GARATYATRCCAAASGCAGGKAG	2024-08-18	Russia: Baikal, Uzury	53.320166 N 107.741739 E
Uz13_Uz_Wa	Eulimnogammarus vittatus	Uz13_Uz	jgEvi_COI_F	GKGCTTGRGCYAGAATAGTCG	jgEvi_COI_R	GARATYATRCCAAASGCAGGKAG	2024-08-18	Russia: Baikal, Uzury	53.320166 N 107.741739 E
Uz21_Uz_Wa	Eulimnogammarus vittatus	Uz21_Uz	jgEvi_COI_F	GKGCTTGRGCYAGAATAGTCG	jgEvi_COI_R	GARATYATRCCAAASGCAGGKAG	2024-08-18	Russia: Baikal, Uzury	53.320166 N 107.741739 E
Uz22_Uz_W	Eulimnogammarus vittatus	Uz22_Uz	jgEvi_COI_F	GKGCTTGRGCYAGAATAGTCG	jgEvi_COI_R	GARATYATRCCAAASGCAGGKAG	2024-08-18	Russia: Baikal, Uzury	53.320166 N 107.741739 E
Uz23_Uz_Wa	Eulimnogammarus vittatus	Uz23_Uz	jgEvi_COI_F	GKGCTTGRGCYAGAATAGTCG	jgEvi_COI_R	GARATYATRCCAAASGCAGGKAG	2024-08-18	Russia: Baikal, Uzury	53.320166 N 107.741739 E
Uz24_Uz_Wa	Eulimnogammarus vittatus	Uz24_Uz	jgEvi_COI_F	GKGCTTGRGCYAGAATAGTCG	jgEvi_COI_R	GARATYATRCCAAASGCAGGKAG	2024-08-18	Russia: Baikal, Uzury	53.320166 N 107.741739 E
Uz31_Uz_Wa	Eulimnogammarus vittatus	Uz31_Uz	jgEvi_COI_F	GKGCTTGRGCYAGAATAGTCG	jgEvi_COI_R	GARATYATRCCAAASGCAGGKAG	2024-08-18	Russia: Baikal, Uzury	53.320166 N 107.741739 E
Uz32_Uz_Wa	Eulimnogammarus vittatus	Uz32_Uz	jgEvi_COI_F	GKGCTTGRGCYAGAATAGTCG	jgEvi_COI_R	GARATYATRCCAAASGCAGGKAG	2024-08-18	Russia: Baikal, Uzury	53.320166 N 107.741739 E
Vy1_Vy_S	Eulimnogammarus vittatus	Vy1_Vy	jgEvi_COI_F	GKGCTTGRGCYAGAATAGTCG	jgEvi_COI_R	GARATYATRCCAAASGCAGGKAG	2023-07-10	Russia: Baikal, Vydrino	51.477496 N 104.641542 E
Vy2_Vy_S	Eulimnogammarus vittatus	Vy2_Vy	jgEvi_COI_F	GKGCTTGRGCYAGAATAGTCG	jgEvi_COI_R	GARATYATRCCAAASGCAGGKAG	2023-07-10	Russia: Baikal, Vydrino	51.477496 N 104.641542 E
Vy3_Vy_S	Eulimnogammarus vittatus	Vy3_Vy	jgEvi_COI_F	GKGCTTGRGCYAGAATAGTCG	jgEvi_COI_R	GARATYATRCCAAASGCAGGKAG	2023-07-10	Russia: Baikal, Vydrino	51.477496 N 104.641542 E
Vy4_Vy_S	Eulimnogammarus vittatus	Vy4_Vy	jgEvi_COI_F	GKGCTTGRGCYAGAATAGTCG	jgEvi_COI_R	GARATYATRCCAAASGCAGGKAG	2023-07-10	Russia: Baikal, Vydrino	51.477496 N 104.641542 E
Vy5_Vy_S	Eulimnogammarus vittatus	Vy5_Vy	jgEvi_COI_F	GKGCTTGRGCYAGAATAGTCG	jgEvi_COI_R	GARATYATRCCAAASGCAGGKAG	2023-07-10	Russia: Baikal, Vydrino	51.477496 N 104.641542 E
Vy6_Vy_S	Eulimnogammarus vittatus	Vy6_Vy	jgEvi_COI_F	GKGCTTGRGCYAGAATAGTCG	jgEvi_COI_R	GARATYATRCCAAASGCAGGKAG	2023-07-10	Russia: Baikal, Vydrino	51.477496 N 104.641542 E
Vy7_Vy_S	Eulimnogammarus vittatus	Vy7_Vy	jgEvi_COI_F	GKGCTTGRGCYAGAATAGTCG	jgEvi_COI_R	GARATYATRCCAAASGCAGGKAG	2023-07-10	Russia: Baikal, Vydrino	51.477496 N 104.641542 E
Vy8_Vy_S	Eulimnogammarus vittatus	Vy8_Vy	jgEvi_COI_F	GKGCTTGRGCYAGAATAGTCG	jgEvi_COI_R	GARATYATRCCAAASGCAGGKAG	2023-07-10	Russia: Baikal, Vydrino	51.477496 N 104.641542 E
Vy9_Vy_S	Eulimnogammarus vittatus	Vy9_Vy	jgEvi_COI_F	GKGCTTGRGCYAGAATAGTCG	jgEvi_COI_R	GARATYATRCCAAASGCAGGKAG	2023-07-10	Russia: Baikal, Vydrino	51.477496 N 104.641542 E
Y28_En_W	Eulimnogammarus vittatus	Y28_En	jgEvi_COI_F	GKGCTTGRGCYAGAATAGTCG	jgEvi_COI_R	GARATYATRCCAAASGCAGGKAG	2022-07-26	Russia: Krasnoyarsk	55.998165 N 92.833499 E 
Ya1_Ya_N	Eulimnogammarus vittatus	Ya1_Ya	jgEvi_COI_F	GKGCTTGRGCYAGAATAGTCG	jgEvi_COI_R	GARATYATRCCAAASGCAGGKAG	2025-08-14	Russia: Irkutsk, Yakobi	52.233643 N 104.319109 E
Ya2_Ya_N	Eulimnogammarus vittatus	Ya2_Ya	jgEvi_COI_F	GKGCTTGRGCYAGAATAGTCG	jgEvi_COI_R	GARATYATRCCAAASGCAGGKAG	2025-08-14	Russia: Irkutsk, Yakobi	52.233643 N 104.319109 E
Ya3_Ya_N	Eulimnogammarus vittatus	Ya3_Ya	jgEvi_COI_F	GKGCTTGRGCYAGAATAGTCG	jgEvi_COI_R	GARATYATRCCAAASGCAGGKAG	2025-08-14	Russia: Irkutsk, Yakobi	52.233643 N 104.319109 E
Ya4_Ya_N	Eulimnogammarus vittatus	Ya4_Ya	jgEvi_COI_F	GKGCTTGRGCYAGAATAGTCG	jgEvi_COI_R	GARATYATRCCAAASGCAGGKAG	2025-08-14	Russia: Irkutsk, Yakobi	52.233643 N 104.319109 E
Ya5_Ya_N	Eulimnogammarus vittatus	Ya5_Ya	jgEvi_COI_F	GKGCTTGRGCYAGAATAGTCG	jgEvi_COI_R	GARATYATRCCAAASGCAGGKAG	2025-08-14	Russia: Irkutsk, Yakobi	52.233643 N 104.319109 E
Ya6_Ya_N	Eulimnogammarus vittatus	Ya6_Ya	jgEvi_COI_F	GKGCTTGRGCYAGAATAGTCG	jgEvi_COI_R	GARATYATRCCAAASGCAGGKAG	2025-08-14	Russia: Irkutsk, Yakobi	52.233643 N 104.319109 E
Ya7_Ya_N	Eulimnogammarus vittatus	Ya7_Ya	jgEvi_COI_F	GKGCTTGRGCYAGAATAGTCG	jgEvi_COI_R	GARATYATRCCAAASGCAGGKAG	2025-08-14	Russia: Irkutsk, Yakobi	52.233643 N 104.319109 E
Ya8_Ya_Wa	Eulimnogammarus vittatus	Ya8_Ya	jgEvi_COI_F	GKGCTTGRGCYAGAATAGTCG	jgEvi_COI_R	GARATYATRCCAAASGCAGGKAG	2025-08-14	Russia: Irkutsk, Yakobi	52.233643 N 104.319109 E
Ya9_Ya_N	Eulimnogammarus vittatus	Ya9_Ya	jgEvi_COI_F	GKGCTTGRGCYAGAATAGTCG	jgEvi_COI_R	GARATYATRCCAAASGCAGGKAG	2025-08-14	Russia: Irkutsk, Yakobi	52.233643 N 104.319109 E
